Domain,Area,Element,Item,Year,Value
"Crops and livestock products","Ireland","Production","Butter, cow milk","2001","139000"
"Crops and livestock products","Ireland","Production","Butter, cow milk","2002","147000"
"Crops and livestock products","Ireland","Production","Butter, cow milk","2003","140100"
"Crops and livestock products","Ireland","Production","Butter, cow milk","2004","136900"
"Crops and livestock products","Ireland","Production","Butter, cow milk","2005","143000"
"Crops and livestock products","Ireland","Production","Butter, cow milk","2006","139100"
"Crops and livestock products","Ireland","Production","Butter, cow milk","2007","141400"
"Crops and livestock products","Ireland","Production","Butter, cow milk","2008","123800"
"Crops and livestock products","Ireland","Production","Butter, cow milk","2009","120300"
"Crops and livestock products","Ireland","Production","Butter, cow milk","2010","135100"
"Crops and livestock products","Ireland","Production","Butter, cow milk","2011","145900"
"Crops and livestock products","Ireland","Production","Butter, cow milk","2012","145000"
"Crops and livestock products","Ireland","Production","Butter, cow milk","2013","152100"
"Crops and livestock products","Ireland","Production","Butter, cow milk","2014","166370"
"Crops and livestock products","Ireland","Production","Butter, cow milk","2015","187490"
"Crops and livestock products","Ireland","Production","Butter, cow milk","2016","198700"
"Crops and livestock products","Ireland","Production","Butter, cow milk","2017","223700"
"Crops and livestock products","Ireland","Production","Butter, cow milk","2018","237800"
"Crops and livestock products","Ireland","Production","Butter, cow milk","2019","250800"
"Crops and livestock products","Ireland","Production","Butter, cow milk","2020",""
"Crops and livestock products","Ireland","Milk Animals","Butter, cow milk","2001",""
"Crops and livestock products","Ireland","Milk Animals","Butter, cow milk","2002",""
"Crops and livestock products","Ireland","Milk Animals","Butter, cow milk","2003",""
"Crops and livestock products","Ireland","Milk Animals","Butter, cow milk","2004",""
"Crops and livestock products","Ireland","Milk Animals","Butter, cow milk","2005",""
"Crops and livestock products","Ireland","Milk Animals","Butter, cow milk","2006",""
"Crops and livestock products","Ireland","Milk Animals","Butter, cow milk","2007",""
"Crops and livestock products","Ireland","Milk Animals","Butter, cow milk","2008",""
"Crops and livestock products","Ireland","Milk Animals","Butter, cow milk","2009",""
"Crops and livestock products","Ireland","Milk Animals","Butter, cow milk","2010",""
"Crops and livestock products","Ireland","Milk Animals","Butter, cow milk","2011",""
"Crops and livestock products","Ireland","Milk Animals","Butter, cow milk","2012",""
"Crops and livestock products","Ireland","Milk Animals","Butter, cow milk","2013",""
"Crops and livestock products","Ireland","Milk Animals","Butter, cow milk","2014",""
"Crops and livestock products","Ireland","Milk Animals","Butter, cow milk","2015",""
"Crops and livestock products","Ireland","Milk Animals","Butter, cow milk","2016",""
"Crops and livestock products","Ireland","Milk Animals","Butter, cow milk","2017",""
"Crops and livestock products","Ireland","Milk Animals","Butter, cow milk","2018",""
"Crops and livestock products","Ireland","Milk Animals","Butter, cow milk","2019",""
"Crops and livestock products","Ireland","Milk Animals","Butter, cow milk","2020",""
"Crops and livestock products","Ireland","Production","Cattle","2001",""
"Crops and livestock products","Ireland","Production","Cattle","2002",""
"Crops and livestock products","Ireland","Production","Cattle","2003",""
"Crops and livestock products","Ireland","Production","Cattle","2004",""
"Crops and livestock products","Ireland","Production","Cattle","2005",""
"Crops and livestock products","Ireland","Production","Cattle","2006",""
"Crops and livestock products","Ireland","Production","Cattle","2007",""
"Crops and livestock products","Ireland","Production","Cattle","2008",""
"Crops and livestock products","Ireland","Production","Cattle","2009",""
"Crops and livestock products","Ireland","Production","Cattle","2010",""
"Crops and livestock products","Ireland","Production","Cattle","2011",""
"Crops and livestock products","Ireland","Production","Cattle","2012",""
"Crops and livestock products","Ireland","Production","Cattle","2013",""
"Crops and livestock products","Ireland","Production","Cattle","2014",""
"Crops and livestock products","Ireland","Production","Cattle","2015",""
"Crops and livestock products","Ireland","Production","Cattle","2016",""
"Crops and livestock products","Ireland","Production","Cattle","2017",""
"Crops and livestock products","Ireland","Production","Cattle","2018",""
"Crops and livestock products","Ireland","Production","Cattle","2019",""
"Crops and livestock products","Ireland","Production","Cattle","2020",""
"Crops and livestock products","Ireland","Stocks","Cattle","2001","7049700"
"Crops and livestock products","Ireland","Stocks","Cattle","2002","6992200"
"Crops and livestock products","Ireland","Stocks","Cattle","2003","6999500"
"Crops and livestock products","Ireland","Stocks","Cattle","2004","7015600"
"Crops and livestock products","Ireland","Stocks","Cattle","2005","6991800"
"Crops and livestock products","Ireland","Stocks","Cattle","2006","6977800"
"Crops and livestock products","Ireland","Stocks","Cattle","2007","6890900"
"Crops and livestock products","Ireland","Stocks","Cattle","2008","6902100"
"Crops and livestock products","Ireland","Stocks","Cattle","2009","6890700"
"Crops and livestock products","Ireland","Stocks","Cattle","2010","6606600"
"Crops and livestock products","Ireland","Stocks","Cattle","2011","6493000"
"Crops and livestock products","Ireland","Stocks","Cattle","2012","6754100"
"Crops and livestock products","Ireland","Stocks","Cattle","2013","6902600"
"Crops and livestock products","Ireland","Stocks","Cattle","2014","6926100"
"Crops and livestock products","Ireland","Stocks","Cattle","2015","6963500"
"Crops and livestock products","Ireland","Stocks","Cattle","2016","7221200"
"Crops and livestock products","Ireland","Stocks","Cattle","2017","7363498"
"Crops and livestock products","Ireland","Stocks","Cattle","2018","6593490"
"Crops and livestock products","Ireland","Stocks","Cattle","2019","6559650"
"Crops and livestock products","Ireland","Stocks","Cattle","2020","6529440"
"Crops and livestock products","Ireland","Production","Cheese, whole cow milk","2001","122800"
"Crops and livestock products","Ireland","Production","Cheese, whole cow milk","2002","115900"
"Crops and livestock products","Ireland","Production","Cheese, whole cow milk","2003","111900"
"Crops and livestock products","Ireland","Production","Cheese, whole cow milk","2004","118000"
"Crops and livestock products","Ireland","Production","Cheese, whole cow milk","2005","118800"
"Crops and livestock products","Ireland","Production","Cheese, whole cow milk","2006","136900"
"Crops and livestock products","Ireland","Production","Cheese, whole cow milk","2007","140400"
"Crops and livestock products","Ireland","Production","Cheese, whole cow milk","2008","174500"
"Crops and livestock products","Ireland","Production","Cheese, whole cow milk","2009","162600"
"Crops and livestock products","Ireland","Production","Cheese, whole cow milk","2010","171800"
"Crops and livestock products","Ireland","Production","Cheese, whole cow milk","2011","179900"
"Crops and livestock products","Ireland","Production","Cheese, whole cow milk","2012","185500"
"Crops and livestock products","Ireland","Production","Cheese, whole cow milk","2013","182800"
"Crops and livestock products","Ireland","Production","Cheese, whole cow milk","2014","188400"
"Crops and livestock products","Ireland","Production","Cheese, whole cow milk","2015","207100"
"Crops and livestock products","Ireland","Production","Cheese, whole cow milk","2016","205000"
"Crops and livestock products","Ireland","Production","Cheese, whole cow milk","2017","259400"
"Crops and livestock products","Ireland","Production","Cheese, whole cow milk","2018","269400"
"Crops and livestock products","Ireland","Production","Cheese, whole cow milk","2019","278400"
"Crops and livestock products","Ireland","Production","Cheese, whole cow milk","2020",""
"Crops and livestock products","Ireland","Milk Animals","Cheese, whole cow milk","2001",""
"Crops and livestock products","Ireland","Milk Animals","Cheese, whole cow milk","2002",""
"Crops and livestock products","Ireland","Milk Animals","Cheese, whole cow milk","2003",""
"Crops and livestock products","Ireland","Milk Animals","Cheese, whole cow milk","2004",""
"Crops and livestock products","Ireland","Milk Animals","Cheese, whole cow milk","2005",""
"Crops and livestock products","Ireland","Milk Animals","Cheese, whole cow milk","2006",""
"Crops and livestock products","Ireland","Milk Animals","Cheese, whole cow milk","2007",""
"Crops and livestock products","Ireland","Milk Animals","Cheese, whole cow milk","2008",""
"Crops and livestock products","Ireland","Milk Animals","Cheese, whole cow milk","2009",""
"Crops and livestock products","Ireland","Milk Animals","Cheese, whole cow milk","2010",""
"Crops and livestock products","Ireland","Milk Animals","Cheese, whole cow milk","2011",""
"Crops and livestock products","Ireland","Milk Animals","Cheese, whole cow milk","2012",""
"Crops and livestock products","Ireland","Milk Animals","Cheese, whole cow milk","2013",""
"Crops and livestock products","Ireland","Milk Animals","Cheese, whole cow milk","2014",""
"Crops and livestock products","Ireland","Milk Animals","Cheese, whole cow milk","2015",""
"Crops and livestock products","Ireland","Milk Animals","Cheese, whole cow milk","2016",""
"Crops and livestock products","Ireland","Milk Animals","Cheese, whole cow milk","2017",""
"Crops and livestock products","Ireland","Milk Animals","Cheese, whole cow milk","2018",""
"Crops and livestock products","Ireland","Milk Animals","Cheese, whole cow milk","2019",""
"Crops and livestock products","Ireland","Milk Animals","Cheese, whole cow milk","2020",""
"Crops and livestock products","Ireland","Production","Chickens","2001",""
"Crops and livestock products","Ireland","Production","Chickens","2002",""
"Crops and livestock products","Ireland","Production","Chickens","2003",""
"Crops and livestock products","Ireland","Production","Chickens","2004",""
"Crops and livestock products","Ireland","Production","Chickens","2005",""
"Crops and livestock products","Ireland","Production","Chickens","2006",""
"Crops and livestock products","Ireland","Production","Chickens","2007",""
"Crops and livestock products","Ireland","Production","Chickens","2008",""
"Crops and livestock products","Ireland","Production","Chickens","2009",""
"Crops and livestock products","Ireland","Production","Chickens","2010",""
"Crops and livestock products","Ireland","Production","Chickens","2011",""
"Crops and livestock products","Ireland","Production","Chickens","2012",""
"Crops and livestock products","Ireland","Production","Chickens","2013",""
"Crops and livestock products","Ireland","Production","Chickens","2014",""
"Crops and livestock products","Ireland","Production","Chickens","2015",""
"Crops and livestock products","Ireland","Production","Chickens","2016",""
"Crops and livestock products","Ireland","Production","Chickens","2017",""
"Crops and livestock products","Ireland","Production","Chickens","2018",""
"Crops and livestock products","Ireland","Production","Chickens","2019",""
"Crops and livestock products","Ireland","Production","Chickens","2020",""
"Crops and livestock products","Ireland","Stocks","Chickens","2001",""
"Crops and livestock products","Ireland","Stocks","Chickens","2002",""
"Crops and livestock products","Ireland","Stocks","Chickens","2003",""
"Crops and livestock products","Ireland","Stocks","Chickens","2004",""
"Crops and livestock products","Ireland","Stocks","Chickens","2005",""
"Crops and livestock products","Ireland","Stocks","Chickens","2006",""
"Crops and livestock products","Ireland","Stocks","Chickens","2007",""
"Crops and livestock products","Ireland","Stocks","Chickens","2008",""
"Crops and livestock products","Ireland","Stocks","Chickens","2009",""
"Crops and livestock products","Ireland","Stocks","Chickens","2010",""
"Crops and livestock products","Ireland","Stocks","Chickens","2011",""
"Crops and livestock products","Ireland","Stocks","Chickens","2012",""
"Crops and livestock products","Ireland","Stocks","Chickens","2013",""
"Crops and livestock products","Ireland","Stocks","Chickens","2014",""
"Crops and livestock products","Ireland","Stocks","Chickens","2015",""
"Crops and livestock products","Ireland","Stocks","Chickens","2016",""
"Crops and livestock products","Ireland","Stocks","Chickens","2017",""
"Crops and livestock products","Ireland","Stocks","Chickens","2018",""
"Crops and livestock products","Ireland","Stocks","Chickens","2019",""
"Crops and livestock products","Ireland","Stocks","Chickens","2020",""
"Crops and livestock products","Ireland","Stocks","Chickens","2001","12603"
"Crops and livestock products","Ireland","Stocks","Chickens","2002","12709"
"Crops and livestock products","Ireland","Stocks","Chickens","2003","12738"
"Crops and livestock products","Ireland","Stocks","Chickens","2004","12500"
"Crops and livestock products","Ireland","Stocks","Chickens","2005","12300"
"Crops and livestock products","Ireland","Stocks","Chickens","2006","12800"
"Crops and livestock products","Ireland","Stocks","Chickens","2007","13000"
"Crops and livestock products","Ireland","Stocks","Chickens","2008","13200"
"Crops and livestock products","Ireland","Stocks","Chickens","2009","15000"
"Crops and livestock products","Ireland","Stocks","Chickens","2010","13800"
"Crops and livestock products","Ireland","Stocks","Chickens","2011","14000"
"Crops and livestock products","Ireland","Stocks","Chickens","2012","14500"
"Crops and livestock products","Ireland","Stocks","Chickens","2013","15000"
"Crops and livestock products","Ireland","Stocks","Chickens","2014","15100"
"Crops and livestock products","Ireland","Stocks","Chickens","2015","15202"
"Crops and livestock products","Ireland","Stocks","Chickens","2016","15438"
"Crops and livestock products","Ireland","Stocks","Chickens","2017","15504"
"Crops and livestock products","Ireland","Stocks","Chickens","2018",""
"Crops and livestock products","Ireland","Stocks","Chickens","2019",""
"Crops and livestock products","Ireland","Stocks","Chickens","2020",""
"Crops and livestock products","Ireland","Production","Eggs, hen, in shell","2001","31350"
"Crops and livestock products","Ireland","Production","Eggs, hen, in shell","2002","33231"
"Crops and livestock products","Ireland","Production","Eggs, hen, in shell","2003","31863"
"Crops and livestock products","Ireland","Production","Eggs, hen, in shell","2004","31863"
"Crops and livestock products","Ireland","Production","Eggs, hen, in shell","2005","37500"
"Crops and livestock products","Ireland","Production","Eggs, hen, in shell","2006","38100"
"Crops and livestock products","Ireland","Production","Eggs, hen, in shell","2007","33800"
"Crops and livestock products","Ireland","Production","Eggs, hen, in shell","2008","41200"
"Crops and livestock products","Ireland","Production","Eggs, hen, in shell","2009","41600"
"Crops and livestock products","Ireland","Production","Eggs, hen, in shell","2010","45000"
"Crops and livestock products","Ireland","Production","Eggs, hen, in shell","2011","46000"
"Crops and livestock products","Ireland","Production","Eggs, hen, in shell","2012","46500"
"Crops and livestock products","Ireland","Production","Eggs, hen, in shell","2013","47000"
"Crops and livestock products","Ireland","Production","Eggs, hen, in shell","2014","48000"
"Crops and livestock products","Ireland","Production","Eggs, hen, in shell","2015","49450"
"Crops and livestock products","Ireland","Production","Eggs, hen, in shell","2016","51750"
"Crops and livestock products","Ireland","Production","Eggs, hen, in shell","2017","54050"
"Crops and livestock products","Ireland","Production","Eggs, hen, in shell","2018",""
"Crops and livestock products","Ireland","Production","Eggs, hen, in shell","2019",""
"Crops and livestock products","Ireland","Production","Eggs, hen, in shell","2020",""
"Crops and livestock products","Ireland","Production","Eggs, hen, in shell","2001","550000"
"Crops and livestock products","Ireland","Production","Eggs, hen, in shell","2002","583000"
"Crops and livestock products","Ireland","Production","Eggs, hen, in shell","2003","559000"
"Crops and livestock products","Ireland","Production","Eggs, hen, in shell","2004","559000"
"Crops and livestock products","Ireland","Production","Eggs, hen, in shell","2005","658000"
"Crops and livestock products","Ireland","Production","Eggs, hen, in shell","2006","669000"
"Crops and livestock products","Ireland","Production","Eggs, hen, in shell","2007","593000"
"Crops and livestock products","Ireland","Production","Eggs, hen, in shell","2008","722800"
"Crops and livestock products","Ireland","Production","Eggs, hen, in shell","2009","730000"
"Crops and livestock products","Ireland","Production","Eggs, hen, in shell","2010","789500"
"Crops and livestock products","Ireland","Production","Eggs, hen, in shell","2011","793000"
"Crops and livestock products","Ireland","Production","Eggs, hen, in shell","2012","801000"
"Crops and livestock products","Ireland","Production","Eggs, hen, in shell","2013","810000"
"Crops and livestock products","Ireland","Production","Eggs, hen, in shell","2014","827000"
"Crops and livestock products","Ireland","Production","Eggs, hen, in shell","2015","852600"
"Crops and livestock products","Ireland","Production","Eggs, hen, in shell","2016","892250"
"Crops and livestock products","Ireland","Production","Eggs, hen, in shell","2017","932000"
"Crops and livestock products","Ireland","Production","Eggs, hen, in shell","2018",""
"Crops and livestock products","Ireland","Production","Eggs, hen, in shell","2019",""
"Crops and livestock products","Ireland","Production","Eggs, hen, in shell","2020",""
"Crops and livestock products","Ireland","Laying","Eggs, hen, in shell","2001","3579"
"Crops and livestock products","Ireland","Laying","Eggs, hen, in shell","2002","3579"
"Crops and livestock products","Ireland","Laying","Eggs, hen, in shell","2003","3675"
"Crops and livestock products","Ireland","Laying","Eggs, hen, in shell","2004","3691"
"Crops and livestock products","Ireland","Laying","Eggs, hen, in shell","2005","3954"
"Crops and livestock products","Ireland","Laying","Eggs, hen, in shell","2006","4133"
"Crops and livestock products","Ireland","Laying","Eggs, hen, in shell","2007","3710"
"Crops and livestock products","Ireland","Laying","Eggs, hen, in shell","2008","3710"
"Crops and livestock products","Ireland","Laying","Eggs, hen, in shell","2009","3745"
"Crops and livestock products","Ireland","Laying","Eggs, hen, in shell","2010","3800"
"Crops and livestock products","Ireland","Laying","Eggs, hen, in shell","2011","3900"
"Crops and livestock products","Ireland","Laying","Eggs, hen, in shell","2012","4000"
"Crops and livestock products","Ireland","Laying","Eggs, hen, in shell","2013","4000"
"Crops and livestock products","Ireland","Laying","Eggs, hen, in shell","2014","4200"
"Crops and livestock products","Ireland","Laying","Eggs, hen, in shell","2015","4300"
"Crops and livestock products","Ireland","Laying","Eggs, hen, in shell","2016","4500"
"Crops and livestock products","Ireland","Laying","Eggs, hen, in shell","2017","4700"
"Crops and livestock products","Ireland","Laying","Eggs, hen, in shell","2018",""
"Crops and livestock products","Ireland","Laying","Eggs, hen, in shell","2019",""
"Crops and livestock products","Ireland","Laying","Eggs, hen, in shell","2020",""
"Crops and livestock products","Ireland","Production","Meat, chicken","2001","90000"
"Crops and livestock products","Ireland","Production","Meat, chicken","2002","89000"
"Crops and livestock products","Ireland","Production","Meat, chicken","2003","90000"
"Crops and livestock products","Ireland","Production","Meat, chicken","2004","91000"
"Crops and livestock products","Ireland","Production","Meat, chicken","2005","92000"
"Crops and livestock products","Ireland","Production","Meat, chicken","2006","90000"
"Crops and livestock products","Ireland","Production","Meat, chicken","2007","85000"
"Crops and livestock products","Ireland","Production","Meat, chicken","2008","85450"
"Crops and livestock products","Ireland","Production","Meat, chicken","2009","90000"
"Crops and livestock products","Ireland","Production","Meat, chicken","2010","85000"
"Crops and livestock products","Ireland","Production","Meat, chicken","2011","87000"
"Crops and livestock products","Ireland","Production","Meat, chicken","2012","87459"
"Crops and livestock products","Ireland","Production","Meat, chicken","2013","87046"
"Crops and livestock products","Ireland","Production","Meat, chicken","2014","88100"
"Crops and livestock products","Ireland","Production","Meat, chicken","2015","88776"
"Crops and livestock products","Ireland","Production","Meat, chicken","2016","90454"
"Crops and livestock products","Ireland","Production","Meat, chicken","2017","128170"
"Crops and livestock products","Ireland","Production","Meat, chicken","2018","131940"
"Crops and livestock products","Ireland","Production","Meat, chicken","2019","141000"
"Crops and livestock products","Ireland","Production","Meat, chicken","2020","152140"
"Crops and livestock products","Ireland","Producing Animals/Slaughtered","Meat, chicken","2001","80000"
"Crops and livestock products","Ireland","Producing Animals/Slaughtered","Meat, chicken","2002","82000"
"Crops and livestock products","Ireland","Producing Animals/Slaughtered","Meat, chicken","2003","83000"
"Crops and livestock products","Ireland","Producing Animals/Slaughtered","Meat, chicken","2004","84000"
"Crops and livestock products","Ireland","Producing Animals/Slaughtered","Meat, chicken","2005","85000"
"Crops and livestock products","Ireland","Producing Animals/Slaughtered","Meat, chicken","2006","85000"
"Crops and livestock products","Ireland","Producing Animals/Slaughtered","Meat, chicken","2007","79000"
"Crops and livestock products","Ireland","Producing Animals/Slaughtered","Meat, chicken","2008","80000"
"Crops and livestock products","Ireland","Producing Animals/Slaughtered","Meat, chicken","2009","85000"
"Crops and livestock products","Ireland","Producing Animals/Slaughtered","Meat, chicken","2010","79500"
"Crops and livestock products","Ireland","Producing Animals/Slaughtered","Meat, chicken","2011","80000"
"Crops and livestock products","Ireland","Producing Animals/Slaughtered","Meat, chicken","2012","80900"
"Crops and livestock products","Ireland","Producing Animals/Slaughtered","Meat, chicken","2013","82000"
"Crops and livestock products","Ireland","Producing Animals/Slaughtered","Meat, chicken","2014","84360"
"Crops and livestock products","Ireland","Producing Animals/Slaughtered","Meat, chicken","2015","84283"
"Crops and livestock products","Ireland","Producing Animals/Slaughtered","Meat, chicken","2016","85411"
"Crops and livestock products","Ireland","Producing Animals/Slaughtered","Meat, chicken","2017","86116"
"Crops and livestock products","Ireland","Producing Animals/Slaughtered","Meat, chicken","2018","90059"
"Crops and livestock products","Ireland","Producing Animals/Slaughtered","Meat, chicken","2019","96247"
"Crops and livestock products","Ireland","Producing Animals/Slaughtered","Meat, chicken","2020","102796"
"Crops and livestock products","Ireland","Production","Milk, skimmed cow","2001","2995780"
"Crops and livestock products","Ireland","Production","Milk, skimmed cow","2002","3115160"
"Crops and livestock products","Ireland","Production","Milk, skimmed cow","2003","3120800"
"Crops and livestock products","Ireland","Production","Milk, skimmed cow","2004","3060640"
"Crops and livestock products","Ireland","Production","Milk, skimmed cow","2005","3153700"
"Crops and livestock products","Ireland","Production","Milk, skimmed cow","2006","3077560"
"Crops and livestock products","Ireland","Production","Milk, skimmed cow","2007","3121740"
"Crops and livestock products","Ireland","Production","Milk, skimmed cow","2008","2757960"
"Crops and livestock products","Ireland","Production","Milk, skimmed cow","2009","2675522"
"Crops and livestock products","Ireland","Production","Milk, skimmed cow","2010","2847542"
"Crops and livestock products","Ireland","Production","Milk, skimmed cow","2011","3059042"
"Crops and livestock products","Ireland","Production","Milk, skimmed cow","2012","3050112"
"Crops and livestock products","Ireland","Production","Milk, skimmed cow","2013","3187540"
"Crops and livestock products","Ireland","Production","Milk, skimmed cow","2014","3417687"
"Crops and livestock products","Ireland","Production","Milk, skimmed cow","2015","3899894"
"Crops and livestock products","Ireland","Production","Milk, skimmed cow","2016","4142099"
"Crops and livestock products","Ireland","Production","Milk, skimmed cow","2017","4706000"
"Crops and livestock products","Ireland","Production","Milk, skimmed cow","2018",""
"Crops and livestock products","Ireland","Production","Milk, skimmed cow","2019",""
"Crops and livestock products","Ireland","Production","Milk, skimmed cow","2020",""
"Crops and livestock products","Ireland","Production","Milk, whole fresh cow","2001","5381800"
"Crops and livestock products","Ireland","Production","Milk, whole fresh cow","2002","5368000"
"Crops and livestock products","Ireland","Production","Milk, whole fresh cow","2003","5310140"
"Crops and livestock products","Ireland","Production","Milk, whole fresh cow","2004","5267880"
"Crops and livestock products","Ireland","Production","Milk, whole fresh cow","2005","5061250"
"Crops and livestock products","Ireland","Production","Milk, whole fresh cow","2006","5224390"
"Crops and livestock products","Ireland","Production","Milk, whole fresh cow","2007","5224770"
"Crops and livestock products","Ireland","Production","Milk, whole fresh cow","2008","5089960"
"Crops and livestock products","Ireland","Production","Milk, whole fresh cow","2009","5228300"
"Crops and livestock products","Ireland","Production","Milk, whole fresh cow","2010","5327000"
"Crops and livestock products","Ireland","Production","Milk, whole fresh cow","2011","5536680"
"Crops and livestock products","Ireland","Production","Milk, whole fresh cow","2012","5387770"
"Crops and livestock products","Ireland","Production","Milk, whole fresh cow","2013","5583670"
"Crops and livestock products","Ireland","Production","Milk, whole fresh cow","2014","5816220"
"Crops and livestock products","Ireland","Production","Milk, whole fresh cow","2015","6585120"
"Crops and livestock products","Ireland","Production","Milk, whole fresh cow","2016","6851430"
"Crops and livestock products","Ireland","Production","Milk, whole fresh cow","2017","7478160"
"Crops and livestock products","Ireland","Production","Milk, whole fresh cow","2018","7831250"
"Crops and livestock products","Ireland","Production","Milk, whole fresh cow","2019","8244870"
"Crops and livestock products","Ireland","Production","Milk, whole fresh cow","2020","8561470"
"Crops and livestock products","Ireland","Milk Animals","Milk, whole fresh cow","2001","1182500"
"Crops and livestock products","Ireland","Milk Animals","Milk, whole fresh cow","2002","1164100"
"Crops and livestock products","Ireland","Milk Animals","Milk, whole fresh cow","2003","1155600"
"Crops and livestock products","Ireland","Milk Animals","Milk, whole fresh cow","2004","1156100"
"Crops and livestock products","Ireland","Milk Animals","Milk, whole fresh cow","2005","1055100"
"Crops and livestock products","Ireland","Milk Animals","Milk, whole fresh cow","2006","1084700"
"Crops and livestock products","Ireland","Milk Animals","Milk, whole fresh cow","2007","1089800"
"Crops and livestock products","Ireland","Milk Animals","Milk, whole fresh cow","2008","1095200"
"Crops and livestock products","Ireland","Milk Animals","Milk, whole fresh cow","2009","1096700"
"Crops and livestock products","Ireland","Milk Animals","Milk, whole fresh cow","2010","1070800"
"Crops and livestock products","Ireland","Milk Animals","Milk, whole fresh cow","2011","1116900"
"Crops and livestock products","Ireland","Milk Animals","Milk, whole fresh cow","2012","1140800"
"Crops and livestock products","Ireland","Milk Animals","Milk, whole fresh cow","2013","1163200"
"Crops and livestock products","Ireland","Milk Animals","Milk, whole fresh cow","2014","1226400"
"Crops and livestock products","Ireland","Milk Animals","Milk, whole fresh cow","2015","1295800"
"Crops and livestock products","Ireland","Milk Animals","Milk, whole fresh cow","2016","1397900"
"Crops and livestock products","Ireland","Milk Animals","Milk, whole fresh cow","2017","1432687"
"Crops and livestock products","Ireland","Milk Animals","Milk, whole fresh cow","2018","1369100"
"Crops and livestock products","Ireland","Milk Animals","Milk, whole fresh cow","2019","1425760"
"Crops and livestock products","Ireland","Milk Animals","Milk, whole fresh cow","2020","1456050"
"Crops and livestock products","Ireland","Production","Milk, whole fresh sheep","2001",""
"Crops and livestock products","Ireland","Production","Milk, whole fresh sheep","2002",""
"Crops and livestock products","Ireland","Production","Milk, whole fresh sheep","2003",""
"Crops and livestock products","Ireland","Production","Milk, whole fresh sheep","2004",""
"Crops and livestock products","Ireland","Production","Milk, whole fresh sheep","2005",""
"Crops and livestock products","Ireland","Production","Milk, whole fresh sheep","2006",""
"Crops and livestock products","Ireland","Production","Milk, whole fresh sheep","2007",""
"Crops and livestock products","Ireland","Production","Milk, whole fresh sheep","2008",""
"Crops and livestock products","Ireland","Production","Milk, whole fresh sheep","2009",""
"Crops and livestock products","Ireland","Production","Milk, whole fresh sheep","2010",""
"Crops and livestock products","Ireland","Production","Milk, whole fresh sheep","2011",""
"Crops and livestock products","Ireland","Production","Milk, whole fresh sheep","2012",""
"Crops and livestock products","Ireland","Production","Milk, whole fresh sheep","2013",""
"Crops and livestock products","Ireland","Production","Milk, whole fresh sheep","2014",""
"Crops and livestock products","Ireland","Production","Milk, whole fresh sheep","2015",""
"Crops and livestock products","Ireland","Production","Milk, whole fresh sheep","2016",""
"Crops and livestock products","Ireland","Production","Milk, whole fresh sheep","2017",""
"Crops and livestock products","Ireland","Production","Milk, whole fresh sheep","2018","0"
"Crops and livestock products","Ireland","Production","Milk, whole fresh sheep","2019","0"
"Crops and livestock products","Ireland","Production","Milk, whole fresh sheep","2020","0"
"Crops and livestock products","Ireland","Milk Animals","Milk, whole fresh sheep","2001",""
"Crops and livestock products","Ireland","Milk Animals","Milk, whole fresh sheep","2002",""
"Crops and livestock products","Ireland","Milk Animals","Milk, whole fresh sheep","2003",""
"Crops and livestock products","Ireland","Milk Animals","Milk, whole fresh sheep","2004",""
"Crops and livestock products","Ireland","Milk Animals","Milk, whole fresh sheep","2005",""
"Crops and livestock products","Ireland","Milk Animals","Milk, whole fresh sheep","2006",""
"Crops and livestock products","Ireland","Milk Animals","Milk, whole fresh sheep","2007",""
"Crops and livestock products","Ireland","Milk Animals","Milk, whole fresh sheep","2008",""
"Crops and livestock products","Ireland","Milk Animals","Milk, whole fresh sheep","2009",""
"Crops and livestock products","Ireland","Milk Animals","Milk, whole fresh sheep","2010",""
"Crops and livestock products","Ireland","Milk Animals","Milk, whole fresh sheep","2011",""
"Crops and livestock products","Ireland","Milk Animals","Milk, whole fresh sheep","2012",""
"Crops and livestock products","Ireland","Milk Animals","Milk, whole fresh sheep","2013",""
"Crops and livestock products","Ireland","Milk Animals","Milk, whole fresh sheep","2014",""
"Crops and livestock products","Ireland","Milk Animals","Milk, whole fresh sheep","2015",""
"Crops and livestock products","Ireland","Milk Animals","Milk, whole fresh sheep","2016",""
"Crops and livestock products","Ireland","Milk Animals","Milk, whole fresh sheep","2017",""
"Crops and livestock products","Ireland","Milk Animals","Milk, whole fresh sheep","2018","0"
"Crops and livestock products","Ireland","Milk Animals","Milk, whole fresh sheep","2019","0"
"Crops and livestock products","Ireland","Milk Animals","Milk, whole fresh sheep","2020","0"
"Crops and livestock products","Ireland","Production","Sheep","2001",""
"Crops and livestock products","Ireland","Production","Sheep","2002",""
"Crops and livestock products","Ireland","Production","Sheep","2003",""
"Crops and livestock products","Ireland","Production","Sheep","2004",""
"Crops and livestock products","Ireland","Production","Sheep","2005",""
"Crops and livestock products","Ireland","Production","Sheep","2006",""
"Crops and livestock products","Ireland","Production","Sheep","2007",""
"Crops and livestock products","Ireland","Production","Sheep","2008",""
"Crops and livestock products","Ireland","Production","Sheep","2009",""
"Crops and livestock products","Ireland","Production","Sheep","2010",""
"Crops and livestock products","Ireland","Production","Sheep","2011",""
"Crops and livestock products","Ireland","Production","Sheep","2012",""
"Crops and livestock products","Ireland","Production","Sheep","2013",""
"Crops and livestock products","Ireland","Production","Sheep","2014",""
"Crops and livestock products","Ireland","Production","Sheep","2015",""
"Crops and livestock products","Ireland","Production","Sheep","2016",""
"Crops and livestock products","Ireland","Production","Sheep","2017",""
"Crops and livestock products","Ireland","Production","Sheep","2018",""
"Crops and livestock products","Ireland","Production","Sheep","2019",""
"Crops and livestock products","Ireland","Production","Sheep","2020",""
"Crops and livestock products","Ireland","Stocks","Sheep","2001","7330300"
"Crops and livestock products","Ireland","Stocks","Sheep","2002","7209600"
"Crops and livestock products","Ireland","Stocks","Sheep","2003","6848900"
"Crops and livestock products","Ireland","Stocks","Sheep","2004","6777200"
"Crops and livestock products","Ireland","Stocks","Sheep","2005","6392200"
"Crops and livestock products","Ireland","Stocks","Sheep","2006","5973200"
"Crops and livestock products","Ireland","Stocks","Sheep","2007","5521600"
"Crops and livestock products","Ireland","Stocks","Sheep","2008","5061400"
"Crops and livestock products","Ireland","Stocks","Sheep","2009","4778000"
"Crops and livestock products","Ireland","Stocks","Sheep","2010","4745400"
"Crops and livestock products","Ireland","Stocks","Sheep","2011","4830000"
"Crops and livestock products","Ireland","Stocks","Sheep","2012","5170000"
"Crops and livestock products","Ireland","Stocks","Sheep","2013","5007000"
"Crops and livestock products","Ireland","Stocks","Sheep","2014","5096800"
"Crops and livestock products","Ireland","Stocks","Sheep","2015","5138700"
"Crops and livestock products","Ireland","Stocks","Sheep","2016","5179200"
"Crops and livestock products","Ireland","Stocks","Sheep","2017","5197140"
"Crops and livestock products","Ireland","Stocks","Sheep","2018","3798480"
"Crops and livestock products","Ireland","Stocks","Sheep","2019","3809370"
"Crops and livestock products","Ireland","Stocks","Sheep","2020","3877220"
